{"cameraMode":{"drawMode":0,"name":"Shaded","section":"Shading Mode"},"sceneLighting":false,"audioPlay":false,"sceneViewState":{"showFog":true,"showMaterialUpdate":true,"showSkybox":false,"showFlares":true,"showImageEffects":true,"showParticleSystems":true},"in2DMode":false,"pivot":{"x":-0.277732253074646,"y":-1.0348985195159913,"z":3.480245351791382},"rotation":{"x":0.029263390228152276,"y":-0.21949540078639985,"z":0.006586345843970776,"w":0.9751533269882202},"size":2.5199990272521974,"orthographic":true}