{"cameraMode":{"drawMode":0,"name":"Shaded","section":"Shading Mode"},"sceneLighting":false,"audioPlay":false,"sceneViewState":{"showFog":true,"showMaterialUpdate":true,"showSkybox":false,"showFlares":true,"showImageEffects":true,"showParticleSystems":true},"in2DMode":false,"pivot":{"x":0.6309320330619812,"y":2.1183321475982668,"z":-1.4682631492614747},"rotation":{"x":0.13191401958465577,"y":-0.3667026460170746,"z":0.052611954510211948,"w":0.9194387793540955},"size":3.325965166091919,"orthographic":true}