{"cameraMode":{"drawMode":0,"name":"Shaded","section":"Shading Mode"},"sceneLighting":true,"audioPlay":false,"sceneViewState":{"showFog":true,"showMaterialUpdate":true,"showSkybox":false,"showFlares":true,"showImageEffects":true,"showParticleSystems":true},"in2DMode":false,"pivot":{"x":0.5897383689880371,"y":11.344522476196289,"z":-1.6056780815124512},"rotation":{"x":0.22455154359340669,"y":0.11139551550149918,"z":-0.02584201470017433,"w":0.9677438735961914},"size":4.090248107910156,"orthographic":true}