{"cameraMode":{"drawMode":0,"name":"Shaded","section":"Shading Mode"},"sceneLighting":false,"audioPlay":false,"sceneViewState":{"showFog":true,"showMaterialUpdate":true,"showSkybox":false,"showFlares":true,"showImageEffects":true,"showParticleSystems":true},"in2DMode":false,"pivot":{"x":0.07011473178863526,"y":2.784734010696411,"z":3.4000000953674318},"rotation":{"x":0.30165886878967287,"y":-0.22733086347579957,"z":0.07429258525371552,"w":0.9229415059089661},"size":7.476605415344238,"orthographic":true}