{"cameraMode":{"drawMode":0,"name":"Shaded","section":"Shading Mode"},"sceneLighting":true,"audioPlay":false,"sceneViewState":{"showFog":true,"showMaterialUpdate":true,"showSkybox":false,"showFlares":true,"showImageEffects":true,"showParticleSystems":true},"in2DMode":false,"pivot":{"x":-1.0081596374511719,"y":1.9682209491729737,"z":-1.762343406677246},"rotation":{"x":0.14082513749599458,"y":0.8590847253799439,"z":-0.35463857650756838,"w":0.3411393165588379},"size":3.1455230712890627,"orthographic":true}