{"cameraMode":{"drawMode":0,"name":"Shaded","section":"Shading Mode"},"sceneLighting":false,"audioPlay":false,"sceneViewState":{"showFog":true,"showMaterialUpdate":true,"showSkybox":false,"showFlares":true,"showImageEffects":true,"showParticleSystems":true},"in2DMode":false,"pivot":{"x":-1.4099998474121094,"y":1.0399999618530274,"z":-3.7200000286102297},"rotation":{"x":0.22060862183570863,"y":0.2377096563577652,"z":-0.055532779544591907,"w":0.9443212151527405},"size":6.56967306137085,"orthographic":true}