{"cameraMode":{"drawMode":0,"name":"Shaded","section":"Shading Mode"},"sceneLighting":false,"audioPlay":false,"sceneViewState":{"showFog":true,"showMaterialUpdate":true,"showSkybox":false,"showFlares":true,"showImageEffects":true,"showParticleSystems":true},"in2DMode":false,"pivot":{"x":1.4539588689804078,"y":1.2345833778381348,"z":1.9268494844436646},"rotation":{"x":0.04528035223484039,"y":0.9223832488059998,"z":-0.11402878165245056,"w":0.36627423763275149},"size":3.5536324977874758,"orthographic":true}