{"cameraMode":{"drawMode":0,"name":"Shaded","section":"Shading Mode"},"sceneLighting":false,"audioPlay":false,"sceneViewState":{"showFog":true,"showMaterialUpdate":true,"showSkybox":false,"showFlares":true,"showImageEffects":true,"showParticleSystems":true},"in2DMode":false,"pivot":{"x":-0.20044253766536714,"y":0.16246876120567323,"z":3.0870602130889894},"rotation":{"x":0.21610617637634278,"y":0.17322075366973878,"z":-0.038986291736364368,"w":0.9600920677185059},"size":0.5903823971748352,"orthographic":true}