{"cameraMode":{"drawMode":0,"name":"Shaded","section":"Shading Mode"},"sceneLighting":false,"audioPlay":false,"sceneViewState":{"showFog":true,"showMaterialUpdate":true,"showSkybox":false,"showFlares":true,"showImageEffects":true,"showParticleSystems":true},"in2DMode":false,"pivot":{"x":0.19854193925857545,"y":0.477359414100647,"z":0.574710488319397},"rotation":{"x":0.11908464878797531,"y":-0.02233797125518322,"z":0.002680036472156644,"w":0.9926301836967468},"size":1.3312714099884034,"orthographic":true}