{"cameraMode":{"drawMode":0,"name":"Shaded","section":"Shading Mode"},"sceneLighting":false,"audioPlay":false,"sceneViewState":{"showFog":true,"showMaterialUpdate":true,"showSkybox":false,"showFlares":true,"showImageEffects":true,"showParticleSystems":true},"in2DMode":false,"pivot":{"x":0.6367481350898743,"y":1.1541579961776734,"z":-2.4480273723602297},"rotation":{"x":0.140772745013237,"y":-0.5824801325798035,"z":0.10328799486160279,"w":0.7938722968101502},"size":3.166773796081543,"orthographic":true}