{"cameraMode":{"drawMode":0,"name":"Shaded","section":"Shading Mode"},"sceneLighting":false,"audioPlay":false,"sceneViewState":{"showFog":true,"showMaterialUpdate":true,"showSkybox":false,"showFlares":true,"showImageEffects":true,"showParticleSystems":true},"in2DMode":false,"pivot":{"x":-0.3662109375,"y":-4.344482421875,"z":1.80126953125},"rotation":{"x":0.3507668077945709,"y":-0.11976983398199082,"z":0.04528699070215225,"w":0.9276682138442993},"size":4.533318042755127,"orthographic":true}