{"cameraMode":{"drawMode":0,"name":"Shaded","section":"Shading Mode"},"sceneLighting":false,"audioPlay":false,"sceneViewState":{"showFog":true,"showMaterialUpdate":true,"showSkybox":false,"showFlares":true,"showImageEffects":true,"showParticleSystems":true},"in2DMode":false,"pivot":{"x":1.2783678770065308,"y":1.0182101726531983,"z":-1.6321680545806885},"rotation":{"x":0.15418221056461335,"y":0.36176562309265139,"z":-0.06079232320189476,"w":0.9174331426620483},"size":6.72951078414917,"orthographic":true}