{"cameraMode":{"drawMode":0,"name":"Shaded","section":"Shading Mode"},"sceneLighting":false,"audioPlay":false,"sceneViewState":{"showFog":true,"showMaterialUpdate":true,"showSkybox":false,"showFlares":true,"showImageEffects":true,"showParticleSystems":true},"in2DMode":false,"pivot":{"x":0.0,"y":-0.027722761034965516,"z":-0.2180975079536438},"rotation":{"x":0.21966782212257386,"y":0.29370254278182986,"z":-0.06954146921634674,"w":0.9277186989784241},"size":0.36095768213272097,"orthographic":true}