{"cameraMode":{"drawMode":0,"name":"Shaded","section":"Shading Mode"},"sceneLighting":false,"audioPlay":false,"sceneViewState":{"showFog":true,"showMaterialUpdate":true,"showSkybox":false,"showFlares":true,"showImageEffects":true,"showParticleSystems":true},"in2DMode":false,"pivot":{"x":0.0013840273022651673,"y":0.18158477544784547,"z":0.009639084339141846},"rotation":{"x":0.24395540356636048,"y":0.6631872653961182,"z":-0.24350279569625855,"w":0.6643816232681274},"size":0.3005374073982239,"orthographic":true}