{"cameraMode":{"drawMode":0,"name":"Shaded","section":"Shading Mode"},"sceneLighting":false,"audioPlay":false,"sceneViewState":{"showFog":true,"showMaterialUpdate":true,"showSkybox":false,"showFlares":true,"showImageEffects":true,"showParticleSystems":true},"in2DMode":false,"pivot":{"x":0.0,"y":0.679844081401825,"z":-1.4934064149856568},"rotation":{"x":0.30936408042907717,"y":0.13771800696849824,"z":-0.04533342644572258,"w":0.9398267865180969},"size":2.0864126682281496,"orthographic":true}