{"cameraMode":{"drawMode":0,"name":"Shaded","section":"Shading Mode"},"sceneLighting":false,"audioPlay":false,"sceneViewState":{"showFog":true,"showMaterialUpdate":true,"showSkybox":false,"showFlares":true,"showImageEffects":true,"showParticleSystems":true},"in2DMode":false,"pivot":{"x":337.67572021484377,"y":544.752197265625,"z":-27.901596069335939},"rotation":{"x":0.11908464878797531,"y":-0.02233797125518322,"z":0.002680036472156644,"w":0.9926301836967468},"size":133.77122497558595,"orthographic":true}