{"cameraMode":{"drawMode":0,"name":"Shaded","section":"Shading Mode"},"sceneLighting":true,"audioPlay":false,"sceneViewState":{"showFog":true,"showMaterialUpdate":true,"showSkybox":false,"showFlares":true,"showImageEffects":true,"showParticleSystems":true},"in2DMode":false,"pivot":{"x":0.722446858882904,"y":3.0671844482421877,"z":4.191896915435791},"rotation":{"x":0.19631996750831605,"y":-0.5611969232559204,"z":0.1391201913356781,"w":0.7919370532035828},"size":5.664941310882568,"orthographic":true}