{"cameraMode":{"drawMode":0,"name":"Shaded","section":"Shading Mode"},"sceneLighting":false,"audioPlay":false,"sceneViewState":{"showFog":true,"showMaterialUpdate":true,"showSkybox":false,"showFlares":true,"showImageEffects":true,"showParticleSystems":true},"in2DMode":false,"pivot":{"x":1.4901161193847657e-7,"y":0.7993876934051514,"z":0.0},"rotation":{"x":0.3743128776550293,"y":-0.03837293013930321,"z":0.015506206080317498,"w":0.9263830184936523},"size":0.9920403361320496,"orthographic":true}