{"cameraMode":{"drawMode":0,"name":"Shaded","section":"Shading Mode"},"sceneLighting":false,"audioPlay":false,"sceneViewState":{"showFog":true,"showMaterialUpdate":true,"showSkybox":false,"showFlares":true,"showImageEffects":true,"showParticleSystems":true},"in2DMode":false,"pivot":{"x":0.011367887258529663,"y":0.19853931665420533,"z":-2.904818058013916},"rotation":{"x":0.06807291507720947,"y":-0.5942508578300476,"z":0.050562117248773578,"w":0.7998062968254089},"size":0.502780556678772,"orthographic":true}