{"cameraMode":{"drawMode":0,"name":"Shaded","section":"Shading Mode"},"sceneLighting":false,"audioPlay":false,"sceneViewState":{"showFog":true,"showMaterialUpdate":true,"showSkybox":false,"showFlares":true,"showImageEffects":true,"showParticleSystems":true},"in2DMode":false,"pivot":{"x":0.07011473178863526,"y":2.784734010696411,"z":3.3397135734558107},"rotation":{"x":0.2135140597820282,"y":0.0848713368177414,"z":-0.018623298034071924,"w":0.9730696082115173},"size":7.480878829956055,"orthographic":true}