{"cameraMode":{"drawMode":0,"name":"Shaded","section":"Shading Mode"},"sceneLighting":true,"audioPlay":false,"sceneViewState":{"showFog":true,"showMaterialUpdate":true,"showSkybox":false,"showFlares":true,"showImageEffects":true,"showParticleSystems":true},"in2DMode":false,"pivot":{"x":1.488628625869751,"y":0.8971613645553589,"z":-1.8724089860916138},"rotation":{"x":0.2302940934896469,"y":-0.11326626688241959,"z":0.02699894644320011,"w":0.966132402420044},"size":0.7919272780418396,"orthographic":true}