{"cameraMode":{"drawMode":0,"name":"Shaded","section":"Shading Mode"},"sceneLighting":false,"audioPlay":false,"sceneViewState":{"showFog":true,"showMaterialUpdate":true,"showSkybox":false,"showFlares":true,"showImageEffects":true,"showParticleSystems":true},"in2DMode":false,"pivot":{"x":0.01439092680811882,"y":0.13750992715358735,"z":0.01435203105211258},"rotation":{"x":0.3911818265914917,"y":-0.1250222772359848,"z":0.05374271795153618,"w":0.9102310538291931},"size":0.20143799483776093,"orthographic":false}