{"cameraMode":{"drawMode":0,"name":"Shaded","section":"Shading Mode"},"sceneLighting":false,"audioPlay":false,"sceneViewState":{"showFog":true,"showMaterialUpdate":true,"showSkybox":false,"showFlares":true,"showImageEffects":true,"showParticleSystems":true},"in2DMode":false,"pivot":{"x":-0.17960691452026368,"y":0.011516687460243702,"z":-0.17467211186885835},"rotation":{"x":0.2117302566766739,"y":0.4877035617828369,"z":-0.12323255091905594,"w":0.8379343152046204},"size":1.4270858764648438,"orthographic":true}