{"cameraMode":{"drawMode":0,"name":"Shaded","section":"Shading Mode"},"sceneLighting":false,"audioPlay":false,"sceneViewState":{"showFog":true,"showMaterialUpdate":true,"showSkybox":false,"showFlares":true,"showImageEffects":true,"showParticleSystems":true},"in2DMode":false,"pivot":{"x":-0.02915029600262642,"y":5.139440536499023,"z":0.1313973367214203},"rotation":{"x":0.2654796838760376,"y":0.620836079120636,"z":-0.23580564558506013,"w":0.6989219784736633},"size":1.1164977550506592,"orthographic":true}