{"cameraMode":{"drawMode":0,"name":"Shaded","section":"Shading Mode"},"sceneLighting":false,"audioPlay":false,"sceneViewState":{"showFog":true,"showMaterialUpdate":true,"showSkybox":false,"showFlares":true,"showImageEffects":true,"showParticleSystems":true},"in2DMode":false,"pivot":{"x":-2.384185791015625e-7,"y":0.23999999463558198,"z":4.76837158203125e-7},"rotation":{"x":0.37037914991378786,"y":-0.01894547790288925,"z":0.0075560640543699268,"w":0.928656816482544},"size":1.802627444267273,"orthographic":true}