{"cameraMode":{"drawMode":0,"name":"Shaded","section":"Shading Mode"},"sceneLighting":true,"audioPlay":false,"sceneViewState":{"showFog":true,"showMaterialUpdate":true,"showSkybox":false,"showFlares":true,"showImageEffects":true,"showParticleSystems":true},"in2DMode":false,"pivot":{"x":-5.820285797119141,"y":4.49833345413208,"z":-25.18321418762207},"rotation":{"x":0.13474489748477937,"y":0.281218945980072,"z":-0.039920564740896228,"w":0.9493051767349243},"size":19.693410873413087,"orthographic":true}