{"cameraMode":{"drawMode":0,"name":"Shaded","section":"Shading Mode"},"sceneLighting":true,"audioPlay":false,"sceneViewState":{"showFog":true,"showMaterialUpdate":true,"showSkybox":false,"showFlares":true,"showImageEffects":true,"showParticleSystems":true},"in2DMode":false,"pivot":{"x":0.513427734375,"y":-0.329833984375,"z":-3.250732421875},"rotation":{"x":0.3923127055168152,"y":0.21534980833530427,"z":-0.09500807523727417,"w":0.8892216086387634},"size":2.3449628353118898,"orthographic":true}