{"cameraMode":{"drawMode":0,"name":"Shaded","section":"Shading Mode"},"sceneLighting":true,"audioPlay":false,"sceneViewState":{"showFog":true,"showMaterialUpdate":true,"showSkybox":false,"showFlares":true,"showImageEffects":true,"showParticleSystems":true},"in2DMode":false,"pivot":{"x":-1.6815639734268189,"y":1.3441977500915528,"z":1.7528150081634522},"rotation":{"x":0.15418221056461335,"y":0.36176562309265139,"z":-0.06079232320189476,"w":0.9174331426620483},"size":3.5185532569885256,"orthographic":true}