{"cameraMode":{"drawMode":0,"name":"Shaded","section":"Shading Mode"},"sceneLighting":false,"audioPlay":false,"sceneViewState":{"showFog":true,"showMaterialUpdate":true,"showSkybox":false,"showFlares":true,"showImageEffects":true,"showParticleSystems":true},"in2DMode":false,"pivot":{"x":-0.0023863911628723146,"y":0.7686929702758789,"z":-0.005102932453155518},"rotation":{"x":0.3923127055168152,"y":0.21534980833530427,"z":-0.09500807523727417,"w":0.8892216086387634},"size":0.9141608476638794,"orthographic":true}